13/48734,Suleiman Sadiq,Higher National Diploma,COMPUTER SCIENCE,Distinction,1128373,11/16/2018
12/09483,Bala Zaharadden,Higher National Diploma,COMPUTER SCIENCE,Upper Credit,94873392,11/29/2018
12/58744,Muahammed Adamu,National Diploma,COMPUTER SCIENCE,Lower Credit,5968574,11/29/2018
12/049484,Zwalnap Wilson,Higher National Diploma,STATISTIC,Pass,2627345,11/29/2018
12/56474,Paul Awula,National Diploma,MECHANICAL ENGINEERING,Upper Credit,7858843,11/29/2018
12/95774,Nasiru Ibrahim,National Diploma,SCIENCE LABORATORY TECH,Lower Credit,1234758,11/29/2018
12/56738,Adam Usman Ode,National Diploma,COMPUTER SCIENCE,Pass,394847,11/29/2018
12/12365,Magret Godfrey,Higher National Diploma,FOOD SCIENCE AND TECHNOLOGY,Distinction,3338474,11/29/2018
12/09847,Gloria John,Higher National Diploma,CIVIL ENGINEERING,Upper Credit,8476459,11/29/2018
12/74843,Emmanule Onu,Higher National Diploma,STATISTIC,Upper Credit,1039475,11/29/2018
12/87743,Victor Game,Higher National Diploma,MASS COMMUNICATION,Lower Credit,5860544,11/29/2018
12/78459,Abubakar Muhammed,Higher National Diploma,COMPUTER ENGINEERING,Lower Credit,23658493,11/29/2018
12/65473,Umar Mailuma,National Diploma,PUBLIC ADMINISTRATION,Lower Credit,958473,11/29/2018
12/87746,Bashir Sani,National Diploma,BANKING AND FINANCE,Lower Credit,3847383,11/29/2018
12/76433,Hamza Musa,National Diploma,MARKETING,Lower Credit,8574895,11/29/2018
12/57934,Halima Umar,National Diploma,BUILDING TECH,Distinction,34758736,11/29/2018
12/84574,Peter Paul,Higher National Diploma,QUANTITY SURVEY,Upper Credit,60599403,11/29/2018
12/78445,Hayatu Musa,Higher National Diploma,ESTATE MANAGEMENT,Upper Credit,90495858,11/29/2018
12/45658,Ibrahim Ahmed,Higher National Diploma,COMPUTER SCIENCE,Lower Credit,5669694,11/29/2018
12/98475,Maryam Musa,National Diploma,COMPUTER ENGINEERING,Lower Credit,23485565,11/29/2018
12/98743,Ahmed Ridwan,Higher National Diploma,MECHATRONIC ENGINEERING,Lower Credit,9585854,11/29/2018
12/86554,Bala Yusuf,National Diploma,BUILDING TECH,Lower Credit,69843345,11/29/2018
12/44855,Aisha Sani,National Diploma,AGRIC ENGINEERING,Lower Credit,3499587,11/29/2018
